2,778 Orin Circle,97240
3,375 Johnson Parkway,52809
4,44 Fair Oaks Terrace,50335
5,43 Little Fleur Road,44329
6,120 Sullivan Terrace,29605
7,364 Utah Avenue,37245
8,0 Westerfield Alley,49518
9,31775 Eagle Crest Pass,80045
10,3 Carey Avenue,60624
11,961 6th Road,97271
12,3010 Meadow Valley Hill,79452
13,7749 Anzinger Junction,10090
14,43 Holmberg Center,94273
15,32 Pleasure Court,70183
16,42938 Stang Point,92878
17,19826 Mcbride Plaza,30130
18,812 7th Point,66642
19,7 Macpherson Circle,78749
20,66 Hagan Center,85053
21,7887 Shelley Circle,70815
22,6 Basil Park,85020
23,4 Ruskin Road,33411
24,87465 Scoville Center,74108
25,619 Bay Pass,57105
26,12 Eliot Terrace,29605
27,96 Algoma Court,37914
28,27 Pierstorff Crossing,83716
29,7 Village Green Point,90071
30,453 Dwight Park,31296
31,9897 Waywood Road,80920
32,74695 Kedzie Point,91117
33,758 Grim Drive,45208
34,9414 School Park,17405
35,11 Macpherson Lane,48258
36,348 Forest Dale Way,66629
37,53 Harbort Circle,23520
38,270 Anthes Alley,43666
39,25 Stoughton Lane,80915
40,63719 Hoepker Hill,92705
41,507 Cardinal Place,80241
42,5 Service Place,25775
43,62148 Dryden Point,85737
44,0640 Bay Hill,39404
45,78784 Everett Center,53215
46,91374 2nd Pass,55572
47,48 Eliot Court,93094
48,4317 Thompson Hill,27425
49,03845 School Point,95823
50,57 Maywood Crossing,35220
51,33 Dorton Terrace,6160
52,5662 Cherokee Parkway,37250
53,44 Oakridge Point,21216
54,5384 Mendota Pass,98442
55,2502 Melrose Avenue,7112
56,28 Nancy Circle,78415
57,04 Gerald Park,10045
58,6 Blaine Alley,75342
59,614 Springview Terrace,92196
60,6 Prairieview Center,64144
61,209 Mayer Junction,44555
62,271 Nelson Circle,38126
63,90 Sutteridge Trail,79171
64,10753 Rowland Circle,48098
65,29 4th Lane,85255
66,4 Village Point,53726
67,1761 Grasskamp Junction,14624
68,842 Ronald Regan Place,19120
69,8 Milwaukee Terrace,32590
70,24714 Northwestern Way,32808
71,657 Elmside Street,13224
72,8 5th Road,63196
73,0835 Meadow Ridge Trail,55127
74,6975 Mccormick Parkway,33647
75,255 Roxbury Pass,20046
76,53921 Butternut Lane,6538
77,1 Oxford Drive,33915
78,925 Scofield Junction,15230
79,2 Karstens Court,80209
80,5 Meadow Valley Way,84145
81,734 7th Circle,57198
82,39 Jenifer Pass,93704
83,74 Pennsylvania Alley,10633
84,4864 Shelley Court,53205
85,2463 Glacier Hill Terrace,91520
86,2 Sunnyside Terrace,68134
87,22737 Ludington Way,33261
88,23 Garrison Alley,53710
89,58 Barby Way,55551
90,168 Utah Point,31217
91,78 Talmadge Lane,70810
92,8380 Dixon Hill,71213
93,0409 Sutteridge Center,93591
94,5 Kropf Alley,98115
95,16961 Mayer Drive,16550
96,71 Bellgrove Road,32128
97,22 Hanson Lane,16505
98,950 Buhler Crossing,77095
99,8 Vermont Alley,52804
100,18 Oak Place,76905
101,666 Talisman Road,91186
