2,Jorie,Leile,Ukraine,38,2,514-74-8804
3,Danielle,Sutherden,Philippines,46,3,715-86-8296
4,Christiano,Liversage,Russia,41,4,146-93-9684
5,Nelly,Reace,China,51,5,783-15-7133
6,Sean,Molian,Kazakhstan,33,6,535-95-3152
7,Cleavland,Gooderson,Finland,32,7,306-33-9802
8,Madison,Bernet,Philippines,31,8,851-98-9359
9,Charlotta,Presslie,Ukraine,64,9,254-84-9730
10,Averil,Brasted,Mexico,46,10,396-97-6433
11,Pammi,Yeandel,Samoa,20,11,328-62-1822
12,Bordy,Coke,United States,40,12,417-63-0102
13,Hercules,Haughton,Portugal,68,13,207-81-1230
14,Lorrayne,Van der Kruys,China,42,14,802-45-5644
15,Patty,Spraggs,Portugal,30,15,659-11-9607
16,Hamish,Littrick,Armenia,32,16,823-89-8404
17,Etienne,Loudian,Russia,70,17,683-53-4639
18,Amandi,Skoof,China,42,18,650-48-6793
19,Vevay,Dwyr,Indonesia,21,19,397-10-6195
20,Humberto,Vannini,Indonesia,47,20,149-17-5297
21,Daisie,Winridge,Guatemala,38,21,828-95-4677
22,Layla,Gathercole,Brazil,57,22,155-10-8490
23,Flory,St Ange,Indonesia,61,23,177-89-3538
24,Godwin,Curl,Philippines,51,24,640-22-1032
25,Suzette,Brocks,Albania,58,25,552-65-9111
26,Shelden,Gowland,Malta,43,26,637-98-3663
27,Marigold,Bentjens,China,46,27,831-93-5916
28,Quincey,Gudge,Peru,32,28,643-49-4750
29,Javier,Flacknoe,Brazil,32,29,721-83-6644
30,Rowney,Sheddan,Cuba,67,30,296-29-5817
31,Zacharias,Laimable,Uganda,38,31,373-50-0850
32,Cicily,Pettingill,Brazil,50,32,117-81-3861
33,Tades,Taylor,Norway,66,33,556-34-3254
34,Gaylor,Lightbowne,Norway,20,34,318-47-2175
35,Allayne,Cockshtt,Sweden,53,35,506-80-3118
36,Alisha,Oliphand,Indonesia,46,36,426-40-7287
37,Hildegarde,Hollyard,Brazil,28,37,228-98-7121
38,Nanete,Peyton,Sweden,42,38,190-82-9255
39,Demetri,Vasilyevski,United States,52,39,816-16-4400
40,Milicent,Massen,China,62,40,424-57-7894
41,Helena,Chezier,Finland,21,41,259-95-7308
42,Arnuad,Aspray,China,64,42,893-80-6809
43,Estevan,Whitwood,Belarus,58,43,615-96-6648
44,Lorilee,Clayhill,Indonesia,28,44,120-99-7637
45,Lisette,Tomley,Brazil,46,45,534-76-9176
46,Ruthy,Jordison,China,34,46,806-39-1369
47,Marya,Cammis,Thailand,48,47,281-49-0729
48,Alyce,Brumhead,Indonesia,40,48,784-50-4864
49,Cullie,Darkin,Russia,42,49,195-99-7940
50,Mela,Tincey,Indonesia,22,50,165-57-6859
51,Shaw,Eshmade,Comoros,22,51,158-24-4468
52,Elihu,Housbey,Brazil,61,52,164-66-0721
53,Caterina,Tallach,China,54,53,826-06-4923
54,Shayne,Kleeman,Brazil,57,54,648-83-7794
55,Sallyann,Streets,China,26,55,321-86-7411
56,Cecile,Thomlinson,Sweden,23,56,796-80-7870
57,Jason,Bagster,Russia,25,57,490-98-7596
58,Pip,Davydzenko,Argentina,68,58,838-97-1491
59,Tiff,Coulthard,Philippines,46,59,509-91-8226
60,Adria,McNish,Germany,39,60,287-11-5670
61,Sascha,Huxstep,Portugal,47,61,649-35-3240
62,Mikol,Halsworth,Malaysia,68,62,747-24-7600
63,Kerwinn,Martt,Peru,61,63,480-63-5859
64,Ninon,Skin,Portugal,31,64,676-96-0013
65,Corabella,MacPhee,Moldova,70,65,500-30-1607
66,Burnard,McTeague,Brazil,52,66,837-74-8689
67,Guillermo,Antunez,Lithuania,41,67,342-34-4033
68,Nanine,Doornbos,Indonesia,46,68,387-97-5289
69,Bernhard,Puddicombe,China,46,69,418-25-0420
70,Eddie,Shakeshaft,United States,57,70,610-09-2052
71,Georgena,Rives,Czech Republic,48,71,213-52-8877
72,Noach,McPhilemy,Nigeria,57,72,509-67-1981
73,Winny,Frizell,Syria,29,73,869-54-0002
74,Helsa,Glasner,Philippines,67,74,346-87-3525
75,Whitney,Standingford,South Korea,47,75,314-77-1685
76,Fulvia,Corless,Egypt,36,76,420-84-7437
77,Wendel,Theis,Namibia,18,77,361-86-9576
78,Arley,MacKeller,Sweden,37,78,562-68-8557
79,Vasilis,Lean,Mongolia,66,79,846-16-7157
80,Yardley,Bulfoot,Brazil,54,80,494-85-6615
81,Ryan,De Avenell,Yemen,22,81,487-05-8769
82,Auberta,Ondrich,China,29,82,796-87-9335
83,Sanderson,Heining,Philippines,37,83,863-67-3132
84,Angil,Rawcliff,Russia,40,84,699-37-8538
85,Anabal,Fewless,Canada,60,85,733-76-3715
86,Damian,Hawkyens,Brazil,20,86,893-33-9225
87,Emelen,Gerssam,China,42,87,148-25-6396
88,Arne,Kew,Indonesia,59,88,161-96-1945
89,Ibrahim,Caplis,Brazil,52,89,705-79-5319
90,Damaris,Avramovsky,Tunisia,36,90,179-99-7768
91,Flss,Casham,Greece,70,91,757-14-1440
92,Issi,Cornborough,Greece,22,92,176-33-7352
93,Ethel,Ariss,Guatemala,67,93,533-01-3833
94,Bartram,Crinson,Indonesia,48,94,296-75-0311
95,Julee,Todeo,China,59,95,171-17-6836
96,Shauna,McGenis,China,22,96,677-11-1680
97,Susi,Gooderick,Czech Republic,24,97,442-07-9333
98,Lek,Olivey,China,65,98,701-27-3196
99,Cornell,Pallesen,Indonesia,49,99,689-40-6714
100,Chickie,Birkenhead,Russia,18,100,865-11-9500
101,Linn,Gullan,China,64,101,188-39-9173
