2,Football(soccer)
3,Football(soccer)
4,Basketball
5,Basketball
6,Football(soccer)
7,Basketball
8,Football(soccer)
9,Basketball
10,Football(soccer)
11,Basketball
12,Basketball
13,Football(soccer)
14,Football(soccer)
15,Basketball
16,Basketball
17,Football(soccer)
18,Football(soccer)
19,Football(soccer)
20,Basketball
21,Basketball
22,Basketball
23,Football(soccer)
24,Basketball
25,Football(soccer)
26,Basketball
27,Football(soccer)
28,Basketball
29,Basketball
30,Football(soccer)
31,Football(soccer)
32,Basketball
33,Football(soccer)
34,Football(soccer)
35,Football(soccer)
36,Basketball
37,Football(soccer)
38,Basketball
39,Football(soccer)
40,Football(soccer)
41,Basketball
42,Basketball
43,Basketball
44,Football(soccer)
45,Basketball
46,Basketball
47,Football(soccer)
48,Basketball
49,Football(soccer)
50,Basketball
51,Football(soccer)
52,Football(soccer)
53,Basketball
54,Football(soccer)
55,Basketball
56,Basketball
57,Basketball
58,Football(soccer)
59,Basketball
60,Football(soccer)
61,Basketball
62,Basketball
63,Basketball
64,Basketball
65,Football(soccer)
66,Basketball
67,Basketball
68,Football(soccer)
69,Basketball
70,Football(soccer)
71,Basketball
72,Basketball
73,Basketball
74,Basketball
75,Basketball
76,Football(soccer)
77,Football(soccer)
78,Basketball
79,Basketball
80,Football(soccer)
81,Football(soccer)
82,Basketball
83,Basketball
84,Basketball
85,Football(soccer)
86,Football(soccer)
87,Basketball
88,Basketball
89,Basketball
90,Basketball
91,Basketball
92,Basketball
93,Football(soccer)
94,Basketball
95,Basketball
96,Football(soccer)
97,Basketball
98,Basketball
99,Basketball
100,Basketball
101,Football(soccer)
