2,tstonhewer0@narod.ru,Ts2j1e
3,kwheelband1@yelp.com,h8GNF3
4,afalcus2@earthlink.net,RG74tXPE5ql
5,tfelgate3@theatlantic.com,ZdJawlj
6,wbagniuk4@webs.com,KcfCLms
7,bduberry5@army.mil,WScL55l5Aw
8,hbolin6@issuu.com,MgXQ2s9qj
9,aabarough7@japanpost.jp,Iwu8uTq
10,mmongan8@psu.edu,9WfjTUUFKbl
11,ldarque9@blogs.com,UD9WqwVo8
12,trudrama@wsj.com,sKkboz
13,stackleb@ovh.net,xtAjN6BrO
14,amaclleesec@mtv.com,4X4B3v
15,nbatripd@youtube.com,NcKDQTA7gzky
16,sbartlemane@barnesandnoble.com,xKDGGknGLuYV
17,tkeydenf@amazon.co.jp,Js8PA4Tq1
18,emcwhirterg@google.com.br,r4mLg9bqCnz
19,fdurranceh@ucoz.com,4P62hcFPf
20,sscanesi@unesco.org,n0iDevtodYhb
21,vdalyj@bbb.org,GEY3Gv3s
22,cdaouzek@meetup.com,CcDevzKAFPzY
23,jdukel@who.int,l7fTCEK8Fmm
24,eartindalem@goodreads.com,wTKas0
25,mtidgewelln@tiny.cc,ltVwQ61AXUbZ
26,wulriko@intel.com,cQehJpMuCIa2
27,jsiddonsp@smugmug.com,oyAAmch
28,gfrewerq@wordpress.org,7IHUmDBYER
29,jswyndleyr@census.gov,goyoGy9c
30,mertelts@uol.com.br,pK5mr9bdyH
31,wkermodet@google.nl,wOJn4PniFBqW
32,wgrinleyu@blogs.com,kZSAzPR
33,tholttomv@amazon.co.uk,Adci171I
34,corltonw@linkedin.com,FFXUsnK
35,gplailx@wikimedia.org,TKUiVIvmys5h
36,mmacgarrityy@liveinternet.ru,GXh8pdq5
37,hgalerz@imdb.com,tvvFbN4
38,mpetrou10@pbs.org,6aNAkmIYTf
39,pschlag11@so-net.ne.jp,1UBju9
40,snizard12@google.co.uk,nZATZB
41,lisgar13@posterous.com,huX7ITo
42,gmccrystal14@t-online.de,9mHUSFS
43,jkiddell15@symantec.com,VQGDPFp
44,zclemintoni16@pen.io,FEIBctUuJszc
45,sirons17@ezinearticles.com,J6DJd4
46,lgatesman18@de.vu,UThI4kAWC
47,ymersey19@home.pl,HVPMn3SHUMVR
48,ppierpoint1a@hp.com,ZjtmRk
49,sdorow1b@github.io,UAcbdv2
50,nbrugman1c@alexa.com,mIusXiK3
51,kbonifazio1d@ca.gov,DcfuVjGpXMU
52,ghinkensen1e@forbes.com,EJseGnyOxj
53,gmcaughtrie1f@blinklist.com,AcTXJIaX
54,kboyde1g@deviantart.com,ovhwczo
55,rsackler1h@whitehouse.gov,X9uVqToIFP
56,bbescoby1i@hatena.ne.jp,2JjxflFJsdq0
57,jferreri1j@gravatar.com,060EjSET
58,mhansod1k@godaddy.com,BIcWBAc
59,egunner1l@tamu.edu,SRrbHlcEJE4
60,cmcnalley1m@weibo.com,xqhyYPupomg
61,phuzzey1n@narod.ru,pFIFrCHiVC7
62,ajarrard1o@goodreads.com,KpDPej1
63,bbackshaw1p@mac.com,ssGU1km2Ju
64,awhittick1q@youtu.be,YHy3QC
65,hextence1r@i2i.jp,SAAaka7
66,mchampe1s@smugmug.com,Kb7V0B9Yjtw
67,smoors1t@csmonitor.com,8ubR93DLGoR8
68,kdunston1u@google.ca,rvq7xc1u4
69,abewshire1v@senate.gov,Hz8AQI86rXIz
70,cchampagne1w@behance.net,mXOgA7wty
71,gambage1x@elpais.com,ggm27B
72,esainthill1y@sun.com,ohL7hG7hRV
73,cwedgwood1z@senate.gov,gNI7qrOXKuf
74,gvanschafflaer20@pen.io,8dT02wco
75,elaydon21@ftc.gov,nzRxCS7WQGq2
76,nlarkcum22@prweb.com,BzXD6Ns6
77,msnoad23@bravesites.com,5fAVLT4PBa
78,vdonat24@sun.com,SR8gUkxXD
79,wdenniss25@telegraph.co.uk,XsUlOs7x7
80,glowrie26@cocolog-nifty.com,hLaPGJIQ8q
81,cphilippou27@last.fm,jF2qMY57
82,rspeers28@plala.or.jp,nkijSb8
83,njedrzej29@reference.com,ksF0Q4cH
84,tburnel2a@nps.gov,Dv8o2zb3
85,lleathers2b@gravatar.com,rztcTBSoBt
86,yridings2c@wisc.edu,I5MXDbSsP4
87,fmacura2d@fema.gov,2slR8LzM
88,rseppey2e@blog.com,1tUP88NHf
89,jhunn2f@fotki.com,RkKanZ
90,rrefford2g@webeden.co.uk,2zXrJDf4
91,eatkyns2h@house.gov,ZY9lmrOAA
92,kdoctor2i@creativecommons.org,TSn90uEr
93,rmaypother2j@kickstarter.com,xh5nXVM
94,jallone2k@tumblr.com,TcXuG947Yyz
95,bhaller2l@upenn.edu,TdTGjl
96,lshuter2m@google.com.au,PK5uLwUB6h
97,tritter2n@paginegialle.it,C8NSqn0L
98,wsisey2o@indiatimes.com,BLQh6tDEGE7
99,tchable2p@reuters.com,UBJ6fv
100,agunningham2q@npr.org,UhTy4a
101,jmillican2r@comcast.net,3aO4dtM18
