Player ID,Gametype ID,Player Name,Height,Weight,Age
1,1,A.J. Price,187,78,34
2,2,Aaron Brooks,193,94,20
3,3,Aaron Gray,202,90,29
4,4,Adonis Thomas,198,107,20
5,5,Al Harrington,214,65,26
6,6,Al Horford,201,106,34
7,7,Al Jefferson,215,96,19
8,8,Alan Anderson,187,103,32
9,9,Alec Burks,203,102,35
10,10,Alex Len,204,101,30
11,11,Alexey Shved,216,75,29
12,12,Alexis Ajinca,213,76,21
13,13,Al-Farouq Aminu,199,75,30
14,14,Allen Crabbe,205,108,18
15,15,Alonzo Gee,193,66,25
16,16,Amar'e Stoudemire,208,93,25
17,17,Amir Johnson,193,72,23
18,18,Anderson Varejao,192,65,27
19,19,Andray Blatche,190,104,34
20,20,Andre Drummond,193,66,35
21,21,Andre Iguodala,199,94,34
22,22,Andre Miller,203,76,23
23,23,Andre Roberson,192,87,18
24,24,Andrea Bargnani,220,69,30
25,25,Andrei Kirilenko,208,70,20
26,26,Andrew Bogut,192,107,21
27,27,Andrew Bynum,215,81,35
28,28,Andrew Nicholson,216,72,33
29,29,Andris Biedrins,199,108,19
30,30,Antawn Jamison,218,66,18
31,31,Anthony Bennett,203,87,27
32,32,Anthony Davis,195,82,25
33,33,Anthony Morrow,196,88,20
34,34,Anthony Randolph,197,66,23
35,35,Anthony Tolliver,198,101,22
36,36,Archie Goodwin,186,66,23
37,37,Arinze Onuaku,207,105,34
38,38,Arnett Moultrie,213,73,21
39,39,Aron Baynes,210,75,23
40,40,Arron Afflalo,187,99,31
41,41,Austin Daye,205,90,26
42,42,Austin Rivers,201,69,30
43,43,Avery Bradley,202,84,27
44,44,Ben Gordon,187,108,25
45,45,Ben McLemore,203,98,19
46,46,Beno Udrih,198,89,26
47,47,Bernard James,189,69,22
48,48,Bismack Biyombo,207,105,27
49,49,Blake Griffin,213,68,28
50,50,Boris Diaw,206,75,28
51,51,Bradley Beal,185,107,30
52,52,Brandan Wright,189,85,32
53,53,Brandon Bass,213,92,33
54,54,Brandon Davies,190,75,31
55,55,Brandon Jennings,187,80,28
56,56,Brandon Knight,195,101,29
57,57,Brandon Rush,198,94,28
58,58,Brian Roberts,211,90,22
59,59,Brook Lopez,213,65,23
60,60,Byron Mullens,201,89,34
61,61,C.J. McCollum,199,70,35
62,62,C.J. Miles,214,91,23
63,63,C.J. Watson,192,69,22
64,64,Carl Landry,217,74,35
65,65,Carlos Boozer,194,94,24
66,66,Carmelo Anthony,184,107,23
67,67,Caron Butler,205,82,29
68,68,Carrick Felix,219,76,26
69,69,Cartier Martin,202,70,28
70,70,Casper Ware,211,72,32
71,71,Chandler Parsons,214,70,19
72,72,Channing Frye,204,75,31
73,73,Charlie Villanueva,213,74,25
74,74,Chase Budinger,211,89,31
75,75,Chauncey Billups,184,91,25
76,76,Chris Andersen,199,68,35
77,77,Chris Babb,196,71,22
78,78,Chris Bosh,211,83,23
79,79,Chris Copeland,213,65,20
80,80,Chris Douglas-Roberts,186,80,33
81,81,Chris Johnson,198,77,34
82,82,Chris Kaman,197,66,35
83,83,Chris Paul,203,91,27
84,84,Chris Singleton,191,92,29
85,85,Chris Smith,192,100,27
86,86,Chris Wright,204,94,27
87,87,Chuck Hayes,188,96,19
88,88,Cody Zeller,206,76,28
89,89,Cole Aldrich,203,80,23
90,90,Corey Brewer,187,80,25
91,91,Cory Joseph,213,109,26
92,92,Courtney Lee,192,66,34
93,93,D.J. Augustin,220,77,21
94,94,D.J. Stephens,214,76,30
95,95,D.J. White,198,105,25
96,96,Damian Lillard,209,85,33
97,97,Damion James,188,88,21
98,98,Daniel Orton,208,89,22
99,99,Danny Granger,183,94,21
100,100,Danny Green,205,93,35
