97240,Portland,Oregon
52809,Davenport,Iowa
50335,Des Moines,Iowa
44329,Akron,Ohio
29605,Greenville,South Carolina
37245,Nashville,Tennessee
49518,Grand Rapids,Michigan
80045,Aurora,Colorado
60624,Chicago,Illinois
97271,Portland,Oregon
79452,Lubbock,Texas
10090,New York City,New York
94273,Sacramento,California
70183,New Orleans,Louisiana
92878,Corona,California
30130,Cumming,Georgia
66642,Topeka,Kansas
78749,Austin,Texas
85053,Phoenix,Arizona
70815,Baton Rouge,Louisiana
85020,Phoenix,Arizona
33411,West Palm Beach,Florida
74108,Tulsa,Oklahoma
57105,Sioux Falls,South Dakota
29605,Greenville,South Carolina
37914,Knoxville,Tennessee
83716,Boise,Idaho
90071,Los Angeles,California
31296,Macon,Georgia
80920,Colorado Springs,Colorado
91117,Pasadena,California
45208,Cincinnati,Ohio
17405,York,Pennsylvania
48258,Detroit,Michigan
66629,Topeka,Kansas
23520,Norfolk,Virginia
43666,Toledo,Ohio
80915,Colorado Springs,Colorado
92705,Santa Ana,California
80241,Denver,Colorado
25775,Huntington,West Virginia
85737,Tucson,Arizona
39404,Hattiesburg,Mississippi
53215,Milwaukee,Wisconsin
55572,Maple Plain,Minnesota
93094,Simi Valley,California
27425,Greensboro,North Carolina
95823,Sacramento,California
35220,Birmingham,Alabama
6160,Hartford,Connecticut
37250,Nashville,Tennessee
21216,Baltimore,Maryland
98442,Tacoma,Washington
7112,Newark,New Jersey
78415,Corpus Christi,Texas
10045,New York City,New York
75342,Dallas,Texas
92196,San Diego,California
64144,Kansas City,Missouri
44555,Youngstown,Ohio
38126,Memphis,Tennessee
79171,Amarillo,Texas
48098,Troy,Michigan
85255,Scottsdale,Arizona
53726,Madison,Wisconsin
14624,Rochester,New York
19120,Philadelphia,Pennsylvania
32590,Pensacola,Florida
32808,Orlando,Florida
13224,Syracuse,New York
63196,Saint Louis,Missouri
55127,Saint Paul,Minnesota
33647,Tampa,Florida
20046,Washington,District of Columbia
6538,New Haven,Connecticut
33915,Cape Coral,Florida
15230,Pittsburgh,Pennsylvania
80209,Denver,Colorado
84145,Salt Lake City,Utah
57198,Sioux Falls,South Dakota
93704,Fresno,California
10633,White Plains,New York
53205,Milwaukee,Wisconsin
91520,Burbank,California
68134,Omaha,Nebraska
33261,Miami,Florida
53710,Madison,Wisconsin
55551,Young America,Minnesota
31217,Macon,Georgia
70810,Baton Rouge,Louisiana
71213,Monroe,Louisiana
93591,Palmdale,California
98115,Seattle,Washington
16550,Erie,Pennsylvania
32128,Daytona Beach,Florida
16505,Erie,Pennsylvania
77095,Houston,Texas
52804,Davenport,Iowa
76905,San Angelo,Texas
91186,Pasadena,California
