2,Season
3,CurrentGame
4,Season
5,Season
6,CurrentGame
7,CurrentGame
8,Season
9,CurrentGame
10,CurrentGame
11,Season
12,Season
13,CurrentGame
14,CurrentGame
15,Season
16,Season
17,Season
18,Season
19,CurrentGame
20,Season
21,CurrentGame
22,Season
23,CurrentGame
24,Season
25,Season
26,CurrentGame
27,Season
28,Season
29,Season
30,Season
31,CurrentGame
32,Season
33,Season
34,Season
35,Season
36,CurrentGame
37,Season
38,CurrentGame
39,CurrentGame
40,CurrentGame
41,CurrentGame
42,Season
43,CurrentGame
44,CurrentGame
45,CurrentGame
46,CurrentGame
47,Season
48,Season
49,CurrentGame
50,Season
51,CurrentGame
52,Season
53,CurrentGame
54,Season
55,Season
56,Season
57,CurrentGame
58,Season
59,Season
60,CurrentGame
61,CurrentGame
62,Season
63,CurrentGame
64,Season
65,CurrentGame
66,Season
67,CurrentGame
68,CurrentGame
69,CurrentGame
70,CurrentGame
71,CurrentGame
72,Season
73,CurrentGame
74,CurrentGame
75,CurrentGame
76,CurrentGame
77,Season
78,Season
79,Season
80,CurrentGame
81,Season
82,CurrentGame
83,CurrentGame
84,Season
85,Season
86,Season
87,Season
88,Season
89,Season
90,CurrentGame
91,Season
92,CurrentGame
93,Season
94,CurrentGame
95,CurrentGame
96,CurrentGame
97,CurrentGame
98,Season
99,CurrentGame
100,CurrentGame
101,CurrentGame
